app-icon-192.png,RkcYxlzpEjd3MJjuK9Uwf27PtOI=
app-icon-192.webp,stb3PynjpTxXv0icjAdVTiAknt0=
app-icon-512.png,5YV6ABKIpzD72VasxEe/q5SzWBY=
app-icon-512.webp,Ox1MOdHwaY3qnLUt/OLJ2yTWCfQ=
favicon.ico,qM8bSPfWB71oAH0ewJvIjVwuSEg=
logo.png,NRHp4oD4LOmXnzVktQk/foCnFAc=
logo.svg,8Tie+9+OrWqh9etiho++yy30cMI=
logo.webp,mCDRktFp9KFOLX/LQq3Dt2yYItQ=
manifest.json,gQ7OOM9LFOw0Q2dRrjGJT35rd+w=
robots.txt,xHzPGknCTMWEJDCqdccu9JEpJBI=
dresden/index.html,H66LEcy2WPqb6xbQukAVHlZ1sqY=
main.css,BFgzvO+hKO5+bMXL4nKoC6yG9/U=
index.html,AHTlqbg46KXKVGeE+mfMhw1NLrE=
toronto/index.html,hOUYF2yqftAmOKlGmkrM3XI3zCU=
chemnitz/index.html,y0nVWAgO5CqfD9RRqBX4itMVwW4=
main.js,1cUJ/Lzw1Vaa37oxZBA0kyLce9w=
vienna/index.html,TSZjAPW4vYQ4FkLLbd9Eb8aEUHA=
three.js,c9X2iQvSUFqJxdVj65I4Ra5N5eE=